rt,stimulus,trial_type,ID,Question1,Question2,Question3
9999.999999,NULL,survey-text,40bf23ae-5273-4e66-b14d-453b10213aed,"watch the video ",NULL,NULL
5319.185000,Stimulus/8.mp4,NewResponse,40bf23ae-5273-4e66-b14d-453b10213aed,NULL,NULL,NULL
2022.645000,Stimulus/34.mp4,NewResponse,40bf23ae-5273-4e66-b14d-453b10213aed,NULL,NULL,NULL
2734.910000,Stimulus/60.mp4,NewResponse,40bf23ae-5273-4e66-b14d-453b10213aed,NULL,NULL,NULL
657.310000,Stimulus/21.mp4,NewResponse,40bf23ae-5273-4e66-b14d-453b10213aed,NULL,NULL,NULL
3050.450000,Stimulus/56.mp4,NewResponse,40bf23ae-5273-4e66-b14d-453b10213aed,NULL,NULL,NULL
281.360000,Stimulus/64.mp4,NewResponse,40bf23ae-5273-4e66-b14d-453b10213aed,NULL,NULL,NULL
2634.895000,Stimulus/40.mp4,NewResponse,40bf23ae-5273-4e66-b14d-453b10213aed,NULL,NULL,NULL
4586.990000,Stimulus/69.mp4,NewResponse,40bf23ae-5273-4e66-b14d-453b10213aed,NULL,NULL,NULL
1951.950000,Stimulus/24.mp4,NewResponse,40bf23ae-5273-4e66-b14d-453b10213aed,NULL,NULL,NULL
5185.050000,Stimulus/38.mp4,NewResponse,40bf23ae-5273-4e66-b14d-453b10213aed,NULL,NULL,NULL
1745.350000,Stimulus/72.mp4,NewResponse,40bf23ae-5273-4e66-b14d-453b10213aed,NULL,NULL,NULL
5034.130000,Stimulus/4.mp4,NewResponse,40bf23ae-5273-4e66-b14d-453b10213aed,NULL,NULL,NULL
2060.050000,Stimulus/31.mp4,NewResponse,40bf23ae-5273-4e66-b14d-453b10213aed,NULL,NULL,NULL
1582.450000,Stimulus/12.mp4,NewResponse,40bf23ae-5273-4e66-b14d-453b10213aed,NULL,NULL,NULL
1549.600000,Stimulus/47.mp4,NewResponse,40bf23ae-5273-4e66-b14d-453b10213aed,NULL,NULL,NULL
1094.795000,Stimulus/16.mp4,NewResponse,40bf23ae-5273-4e66-b14d-453b10213aed,NULL,NULL,NULL
1429.750000,Stimulus/45.mp4,NewResponse,40bf23ae-5273-4e66-b14d-453b10213aed,NULL,NULL,NULL
1274.295000,Stimulus/46.mp4,NewResponse,40bf23ae-5273-4e66-b14d-453b10213aed,NULL,NULL,NULL
9802.485000,NULL,survey-text,40bf23ae-5273-4e66-b14d-453b10213aed,blue,NULL,NULL
2433.550000,Stimulus/25.mp4,NewResponse,40bf23ae-5273-4e66-b14d-453b10213aed,NULL,NULL,NULL
968.445000,Stimulus/48.mp4,NewResponse,40bf23ae-5273-4e66-b14d-453b10213aed,NULL,NULL,NULL
539.000000,Stimulus/66.mp4,NewResponse,40bf23ae-5273-4e66-b14d-453b10213aed,NULL,NULL,NULL
1076.110000,Stimulus/10.mp4,NewResponse,40bf23ae-5273-4e66-b14d-453b10213aed,NULL,NULL,NULL
1024.630000,Stimulus/63.mp4,NewResponse,40bf23ae-5273-4e66-b14d-453b10213aed,NULL,NULL,NULL
2114.250000,Stimulus/5.mp4,NewResponse,40bf23ae-5273-4e66-b14d-453b10213aed,NULL,NULL,NULL
2039.965000,Stimulus/30.mp4,NewResponse,40bf23ae-5273-4e66-b14d-453b10213aed,NULL,NULL,NULL
2031.120000,Stimulus/7.mp4,NewResponse,40bf23ae-5273-4e66-b14d-453b10213aed,NULL,NULL,NULL
2039.030000,Stimulus/19.mp4,NewResponse,40bf23ae-5273-4e66-b14d-453b10213aed,NULL,NULL,NULL
2432.395000,Stimulus/57.mp4,NewResponse,40bf23ae-5273-4e66-b14d-453b10213aed,NULL,NULL,NULL
1150.990000,Stimulus/27.mp4,NewResponse,40bf23ae-5273-4e66-b14d-453b10213aed,NULL,NULL,NULL
1775.950000,Stimulus/37.mp4,NewResponse,40bf23ae-5273-4e66-b14d-453b10213aed,NULL,NULL,NULL
969.265000,Stimulus/67.mp4,NewResponse,40bf23ae-5273-4e66-b14d-453b10213aed,NULL,NULL,NULL
2237.735000,Stimulus/53.mp4,NewResponse,40bf23ae-5273-4e66-b14d-453b10213aed,NULL,NULL,NULL
2442.110000,Stimulus/44.mp4,NewResponse,40bf23ae-5273-4e66-b14d-453b10213aed,NULL,NULL,NULL
2119.340000,Stimulus/17.mp4,NewResponse,40bf23ae-5273-4e66-b14d-453b10213aed,NULL,NULL,NULL
919.190000,Stimulus/61.mp4,NewResponse,40bf23ae-5273-4e66-b14d-453b10213aed,NULL,NULL,NULL
825.910000,Stimulus/32.mp4,NewResponse,40bf23ae-5273-4e66-b14d-453b10213aed,NULL,NULL,NULL
9999.999999,NULL,survey-text,40bf23ae-5273-4e66-b14d-453b10213aed,agent,NULL,NULL
1114.890000,Stimulus/9.mp4,NewResponse,40bf23ae-5273-4e66-b14d-453b10213aed,NULL,NULL,NULL
704.710000,Stimulus/1.mp4,NewResponse,40bf23ae-5273-4e66-b14d-453b10213aed,NULL,NULL,NULL
991.920000,Stimulus/13.mp4,NewResponse,40bf23ae-5273-4e66-b14d-453b10213aed,NULL,NULL,NULL
1199.860000,Stimulus/15.mp4,NewResponse,40bf23ae-5273-4e66-b14d-453b10213aed,NULL,NULL,NULL
1558.590000,Stimulus/22.mp4,NewResponse,40bf23ae-5273-4e66-b14d-453b10213aed,NULL,NULL,NULL
1019.865000,Stimulus/71.mp4,NewResponse,40bf23ae-5273-4e66-b14d-453b10213aed,NULL,NULL,NULL
1585.415000,Stimulus/62.mp4,NewResponse,40bf23ae-5273-4e66-b14d-453b10213aed,NULL,NULL,NULL
1376.890000,Stimulus/23.mp4,NewResponse,40bf23ae-5273-4e66-b14d-453b10213aed,NULL,NULL,NULL
2999.470000,Stimulus/39.mp4,NewResponse,40bf23ae-5273-4e66-b14d-453b10213aed,NULL,NULL,NULL
2240.380000,Stimulus/3.mp4,NewResponse,40bf23ae-5273-4e66-b14d-453b10213aed,NULL,NULL,NULL
3554.960000,Stimulus/35.mp4,NewResponse,40bf23ae-5273-4e66-b14d-453b10213aed,NULL,NULL,NULL
826.260000,Stimulus/59.mp4,NewResponse,40bf23ae-5273-4e66-b14d-453b10213aed,NULL,NULL,NULL
2522.760000,Stimulus/14.mp4,NewResponse,40bf23ae-5273-4e66-b14d-453b10213aed,NULL,NULL,NULL
1912.115000,Stimulus/11.mp4,NewResponse,40bf23ae-5273-4e66-b14d-453b10213aed,NULL,NULL,NULL
2578.010000,Stimulus/50.mp4,NewResponse,40bf23ae-5273-4e66-b14d-453b10213aed,NULL,NULL,NULL
1374.600000,Stimulus/41.mp4,NewResponse,40bf23ae-5273-4e66-b14d-453b10213aed,NULL,NULL,NULL
859.460000,Stimulus/49.mp4,NewResponse,40bf23ae-5273-4e66-b14d-453b10213aed,NULL,NULL,NULL
1055.855000,Stimulus/29.mp4,NewResponse,40bf23ae-5273-4e66-b14d-453b10213aed,NULL,NULL,NULL
9999.999999,NULL,survey-text,40bf23ae-5273-4e66-b14d-453b10213aed," space",NULL,NULL
842.915000,Stimulus/2.mp4,NewResponse,40bf23ae-5273-4e66-b14d-453b10213aed,NULL,NULL,NULL
461.265000,Stimulus/42.mp4,NewResponse,40bf23ae-5273-4e66-b14d-453b10213aed,NULL,NULL,NULL
127.210000,Stimulus/65.mp4,NewResponse,40bf23ae-5273-4e66-b14d-453b10213aed,NULL,NULL,NULL
1160.185000,Stimulus/51.mp4,NewResponse,40bf23ae-5273-4e66-b14d-453b10213aed,NULL,NULL,NULL
2258.705000,Stimulus/43.mp4,NewResponse,40bf23ae-5273-4e66-b14d-453b10213aed,NULL,NULL,NULL
2534.460000,Stimulus/70.mp4,NewResponse,40bf23ae-5273-4e66-b14d-453b10213aed,NULL,NULL,NULL
2616.545000,Stimulus/52.mp4,NewResponse,40bf23ae-5273-4e66-b14d-453b10213aed,NULL,NULL,NULL
1294.385000,Stimulus/33.mp4,NewResponse,40bf23ae-5273-4e66-b14d-453b10213aed,NULL,NULL,NULL
607.200000,Stimulus/58.mp4,NewResponse,40bf23ae-5273-4e66-b14d-453b10213aed,NULL,NULL,NULL
370.865000,Stimulus/36.mp4,NewResponse,40bf23ae-5273-4e66-b14d-453b10213aed,NULL,NULL,NULL
2589.365000,Stimulus/54.mp4,NewResponse,40bf23ae-5273-4e66-b14d-453b10213aed,NULL,NULL,NULL
1690.155000,Stimulus/26.mp4,NewResponse,40bf23ae-5273-4e66-b14d-453b10213aed,NULL,NULL,NULL
932.960000,Stimulus/6.mp4,NewResponse,40bf23ae-5273-4e66-b14d-453b10213aed,NULL,NULL,NULL
2579.480000,Stimulus/68.mp4,NewResponse,40bf23ae-5273-4e66-b14d-453b10213aed,NULL,NULL,NULL
745.385000,Stimulus/55.mp4,NewResponse,40bf23ae-5273-4e66-b14d-453b10213aed,NULL,NULL,NULL
2149.380000,Stimulus/18.mp4,NewResponse,40bf23ae-5273-4e66-b14d-453b10213aed,NULL,NULL,NULL
2074.375000,Stimulus/20.mp4,NewResponse,40bf23ae-5273-4e66-b14d-453b10213aed,NULL,NULL,NULL
1775.580000,Stimulus/28.mp4,NewResponse,40bf23ae-5273-4e66-b14d-453b10213aed,NULL,NULL,NULL
9999.999999,NULL,survey-text,40bf23ae-5273-4e66-b14d-453b10213aed," 50",FEMALE,NOTHING
9999.999999,NULL,survey-text,3069620b-723b-4e7e-8023-60c313b454ae,"Pressing space bar key before and when the block collides",NULL,NULL
4367.685000,Stimulus/68.mp4,NewResponse,3069620b-723b-4e7e-8023-60c313b454ae,NULL,NULL,NULL
3723.225000,Stimulus/15.mp4,NewResponse,3069620b-723b-4e7e-8023-60c313b454ae,NULL,NULL,NULL
3635.170000,Stimulus/62.mp4,NewResponse,3069620b-723b-4e7e-8023-60c313b454ae,NULL,NULL,NULL
3635.315000,Stimulus/66.mp4,NewResponse,3069620b-723b-4e7e-8023-60c313b454ae,NULL,NULL,NULL
3709.975000,Stimulus/47.mp4,NewResponse,3069620b-723b-4e7e-8023-60c313b454ae,NULL,NULL,NULL
4264.575000,Stimulus/44.mp4,NewResponse,3069620b-723b-4e7e-8023-60c313b454ae,NULL,NULL,NULL
3992.245000,Stimulus/42.mp4,NewResponse,3069620b-723b-4e7e-8023-60c313b454ae,NULL,NULL,NULL
3671.245000,Stimulus/1.mp4,NewResponse,3069620b-723b-4e7e-8023-60c313b454ae,NULL,NULL,NULL
4034.220000,Stimulus/14.mp4,NewResponse,3069620b-723b-4e7e-8023-60c313b454ae,NULL,NULL,NULL
4136.735000,Stimulus/43.mp4,NewResponse,3069620b-723b-4e7e-8023-60c313b454ae,NULL,NULL,NULL
3914.455000,Stimulus/20.mp4,NewResponse,3069620b-723b-4e7e-8023-60c313b454ae,NULL,NULL,NULL
3585.965000,Stimulus/16.mp4,NewResponse,3069620b-723b-4e7e-8023-60c313b454ae,NULL,NULL,NULL
4273.155000,Stimulus/72.mp4,NewResponse,3069620b-723b-4e7e-8023-60c313b454ae,NULL,NULL,NULL
3844.460000,Stimulus/12.mp4,NewResponse,3069620b-723b-4e7e-8023-60c313b454ae,NULL,NULL,NULL
3769.300000,Stimulus/32.mp4,NewResponse,3069620b-723b-4e7e-8023-60c313b454ae,NULL,NULL,NULL
3616.440000,Stimulus/31.mp4,NewResponse,3069620b-723b-4e7e-8023-60c313b454ae,NULL,NULL,NULL
3725.140000,Stimulus/7.mp4,NewResponse,3069620b-723b-4e7e-8023-60c313b454ae,NULL,NULL,NULL
4178.125000,Stimulus/36.mp4,NewResponse,3069620b-723b-4e7e-8023-60c313b454ae,NULL,NULL,NULL
9999.999999,NULL,survey-text,3069620b-723b-4e7e-8023-60c313b454ae,Blue,NULL,NULL
3749.180000,Stimulus/46.mp4,NewResponse,3069620b-723b-4e7e-8023-60c313b454ae,NULL,NULL,NULL
3840.345000,Stimulus/4.mp4,NewResponse,3069620b-723b-4e7e-8023-60c313b454ae,NULL,NULL,NULL
4105.755000,Stimulus/48.mp4,NewResponse,3069620b-723b-4e7e-8023-60c313b454ae,NULL,NULL,NULL
3827.315000,Stimulus/29.mp4,NewResponse,3069620b-723b-4e7e-8023-60c313b454ae,NULL,NULL,NULL
3882.375000,Stimulus/26.mp4,NewResponse,3069620b-723b-4e7e-8023-60c313b454ae,NULL,NULL,NULL
4141.680000,Stimulus/33.mp4,NewResponse,3069620b-723b-4e7e-8023-60c313b454ae,NULL,NULL,NULL
4084.115000,Stimulus/40.mp4,NewResponse,3069620b-723b-4e7e-8023-60c313b454ae,NULL,NULL,NULL
4083.140000,Stimulus/37.mp4,NewResponse,3069620b-723b-4e7e-8023-60c313b454ae,NULL,NULL,NULL
3733.865000,Stimulus/17.mp4,NewResponse,3069620b-723b-4e7e-8023-60c313b454ae,NULL,NULL,NULL
3907.465000,Stimulus/9.mp4,NewResponse,3069620b-723b-4e7e-8023-60c313b454ae,NULL,NULL,NULL
3915.490000,Stimulus/52.mp4,NewResponse,3069620b-723b-4e7e-8023-60c313b454ae,NULL,NULL,NULL
4226.905000,Stimulus/71.mp4,NewResponse,3069620b-723b-4e7e-8023-60c313b454ae,NULL,NULL,NULL
4303.620000,Stimulus/38.mp4,NewResponse,3069620b-723b-4e7e-8023-60c313b454ae,NULL,NULL,NULL
4093.565000,Stimulus/60.mp4,NewResponse,3069620b-723b-4e7e-8023-60c313b454ae,NULL,NULL,NULL
4350.690000,Stimulus/5.mp4,NewResponse,3069620b-723b-4e7e-8023-60c313b454ae,NULL,NULL,NULL
4376.195000,Stimulus/69.mp4,NewResponse,3069620b-723b-4e7e-8023-60c313b454ae,NULL,NULL,NULL
4340.515000,Stimulus/45.mp4,NewResponse,3069620b-723b-4e7e-8023-60c313b454ae,NULL,NULL,NULL
4200.780000,Stimulus/39.mp4,NewResponse,3069620b-723b-4e7e-8023-60c313b454ae,NULL,NULL,NULL
9999.999999,NULL,survey-text,3069620b-723b-4e7e-8023-60c313b454ae,"A block",NULL,NULL
3714.750000,Stimulus/21.mp4,NewResponse,3069620b-723b-4e7e-8023-60c313b454ae,NULL,NULL,NULL
4160.295000,Stimulus/34.mp4,NewResponse,3069620b-723b-4e7e-8023-60c313b454ae,NULL,NULL,NULL
3825.340000,Stimulus/56.mp4,NewResponse,3069620b-723b-4e7e-8023-60c313b454ae,NULL,NULL,NULL
4346.880000,Stimulus/55.mp4,NewResponse,3069620b-723b-4e7e-8023-60c313b454ae,NULL,NULL,NULL
4045.760000,Stimulus/54.mp4,NewResponse,3069620b-723b-4e7e-8023-60c313b454ae,NULL,NULL,NULL
3825.320000,Stimulus/11.mp4,NewResponse,3069620b-723b-4e7e-8023-60c313b454ae,NULL,NULL,NULL
4336.535000,Stimulus/3.mp4,NewResponse,3069620b-723b-4e7e-8023-60c313b454ae,NULL,NULL,NULL
3904.035000,Stimulus/51.mp4,NewResponse,3069620b-723b-4e7e-8023-60c313b454ae,NULL,NULL,NULL
4156.385000,Stimulus/49.mp4,NewResponse,3069620b-723b-4e7e-8023-60c313b454ae,NULL,NULL,NULL
4195.275000,Stimulus/53.mp4,NewResponse,3069620b-723b-4e7e-8023-60c313b454ae,NULL,NULL,NULL
3836.250000,Stimulus/25.mp4,NewResponse,3069620b-723b-4e7e-8023-60c313b454ae,NULL,NULL,NULL
4257.965000,Stimulus/35.mp4,NewResponse,3069620b-723b-4e7e-8023-60c313b454ae,NULL,NULL,NULL
3967.815000,Stimulus/59.mp4,NewResponse,3069620b-723b-4e7e-8023-60c313b454ae,NULL,NULL,NULL
3965.000000,Stimulus/57.mp4,NewResponse,3069620b-723b-4e7e-8023-60c313b454ae,NULL,NULL,NULL
3688.985000,Stimulus/63.mp4,NewResponse,3069620b-723b-4e7e-8023-60c313b454ae,NULL,NULL,NULL
3753.675000,Stimulus/18.mp4,NewResponse,3069620b-723b-4e7e-8023-60c313b454ae,NULL,NULL,NULL
4034.660000,Stimulus/19.mp4,NewResponse,3069620b-723b-4e7e-8023-60c313b454ae,NULL,NULL,NULL
4136.970000,Stimulus/24.mp4,NewResponse,3069620b-723b-4e7e-8023-60c313b454ae,NULL,NULL,NULL
9999.999999,NULL,survey-text,3069620b-723b-4e7e-8023-60c313b454ae,"the fixed entity",NULL,NULL
3900.140000,Stimulus/41.mp4,NewResponse,3069620b-723b-4e7e-8023-60c313b454ae,NULL,NULL,NULL
3946.765000,Stimulus/28.mp4,NewResponse,3069620b-723b-4e7e-8023-60c313b454ae,NULL,NULL,NULL
4412.060000,Stimulus/70.mp4,NewResponse,3069620b-723b-4e7e-8023-60c313b454ae,NULL,NULL,NULL
4176.110000,Stimulus/22.mp4,NewResponse,3069620b-723b-4e7e-8023-60c313b454ae,NULL,NULL,NULL
4458.990000,Stimulus/8.mp4,NewResponse,3069620b-723b-4e7e-8023-60c313b454ae,NULL,NULL,NULL
4489.420000,Stimulus/13.mp4,NewResponse,3069620b-723b-4e7e-8023-60c313b454ae,NULL,NULL,NULL
4289.960000,Stimulus/2.mp4,NewResponse,3069620b-723b-4e7e-8023-60c313b454ae,NULL,NULL,NULL
4108.355000,Stimulus/27.mp4,NewResponse,3069620b-723b-4e7e-8023-60c313b454ae,NULL,NULL,NULL
4462.915000,Stimulus/23.mp4,NewResponse,3069620b-723b-4e7e-8023-60c313b454ae,NULL,NULL,NULL
3952.395000,Stimulus/61.mp4,NewResponse,3069620b-723b-4e7e-8023-60c313b454ae,NULL,NULL,NULL
4383.535000,Stimulus/58.mp4,NewResponse,3069620b-723b-4e7e-8023-60c313b454ae,NULL,NULL,NULL
3914.545000,Stimulus/64.mp4,NewResponse,3069620b-723b-4e7e-8023-60c313b454ae,NULL,NULL,NULL
3941.150000,Stimulus/30.mp4,NewResponse,3069620b-723b-4e7e-8023-60c313b454ae,NULL,NULL,NULL
3909.865000,Stimulus/50.mp4,NewResponse,3069620b-723b-4e7e-8023-60c313b454ae,NULL,NULL,NULL
3758.345000,Stimulus/67.mp4,NewResponse,3069620b-723b-4e7e-8023-60c313b454ae,NULL,NULL,NULL
4541.800000,Stimulus/10.mp4,NewResponse,3069620b-723b-4e7e-8023-60c313b454ae,NULL,NULL,NULL
3924.145000,Stimulus/65.mp4,NewResponse,3069620b-723b-4e7e-8023-60c313b454ae,NULL,NULL,NULL
4306.560000,Stimulus/6.mp4,NewResponse,3069620b-723b-4e7e-8023-60c313b454ae,NULL,NULL,NULL
9999.999999,NULL,survey-text,3069620b-723b-4e7e-8023-60c313b454ae,37,Male,"This is an interesting study."
9999.999999,NULL,survey-text,3e6fc682-a261-4334-9f40-dc9be1e92ca0,"press the spacebar when the object hits the target",NULL,NULL
3392.320000,Stimulus/28.mp4,NewResponse,3e6fc682-a261-4334-9f40-dc9be1e92ca0,NULL,NULL,NULL
3711.295000,Stimulus/5.mp4,NewResponse,3e6fc682-a261-4334-9f40-dc9be1e92ca0,NULL,NULL,NULL
3647.695000,Stimulus/18.mp4,NewResponse,3e6fc682-a261-4334-9f40-dc9be1e92ca0,NULL,NULL,NULL
3791.940000,Stimulus/8.mp4,NewResponse,3e6fc682-a261-4334-9f40-dc9be1e92ca0,NULL,NULL,NULL
3527.465000,Stimulus/1.mp4,NewResponse,3e6fc682-a261-4334-9f40-dc9be1e92ca0,NULL,NULL,NULL
4216.815000,Stimulus/44.mp4,NewResponse,3e6fc682-a261-4334-9f40-dc9be1e92ca0,NULL,NULL,NULL
4392.500000,Stimulus/70.mp4,NewResponse,3e6fc682-a261-4334-9f40-dc9be1e92ca0,NULL,NULL,NULL
3953.515000,Stimulus/6.mp4,NewResponse,3e6fc682-a261-4334-9f40-dc9be1e92ca0,NULL,NULL,NULL
4399.875000,Stimulus/68.mp4,NewResponse,3e6fc682-a261-4334-9f40-dc9be1e92ca0,NULL,NULL,NULL
3607.955000,Stimulus/30.mp4,NewResponse,3e6fc682-a261-4334-9f40-dc9be1e92ca0,NULL,NULL,NULL
4023.870000,Stimulus/10.mp4,NewResponse,3e6fc682-a261-4334-9f40-dc9be1e92ca0,NULL,NULL,NULL
3902.460000,Stimulus/17.mp4,NewResponse,3e6fc682-a261-4334-9f40-dc9be1e92ca0,NULL,NULL,NULL
4063.165000,Stimulus/49.mp4,NewResponse,3e6fc682-a261-4334-9f40-dc9be1e92ca0,NULL,NULL,NULL
3895.555000,Stimulus/65.mp4,NewResponse,3e6fc682-a261-4334-9f40-dc9be1e92ca0,NULL,NULL,NULL
3792.665000,Stimulus/67.mp4,NewResponse,3e6fc682-a261-4334-9f40-dc9be1e92ca0,NULL,NULL,NULL
4247.020000,Stimulus/37.mp4,NewResponse,3e6fc682-a261-4334-9f40-dc9be1e92ca0,NULL,NULL,NULL
3793.545000,Stimulus/66.mp4,NewResponse,3e6fc682-a261-4334-9f40-dc9be1e92ca0,NULL,NULL,NULL
3439.680000,Stimulus/27.mp4,NewResponse,3e6fc682-a261-4334-9f40-dc9be1e92ca0,NULL,NULL,NULL
5636.835000,NULL,survey-text,3e6fc682-a261-4334-9f40-dc9be1e92ca0,blue,NULL,NULL
4134.850000,Stimulus/61.mp4,NewResponse,3e6fc682-a261-4334-9f40-dc9be1e92ca0,NULL,NULL,NULL
4304.330000,Stimulus/38.mp4,NewResponse,3e6fc682-a261-4334-9f40-dc9be1e92ca0,NULL,NULL,NULL
3776.220000,Stimulus/12.mp4,NewResponse,3e6fc682-a261-4334-9f40-dc9be1e92ca0,NULL,NULL,NULL
4295.760000,Stimulus/71.mp4,NewResponse,3e6fc682-a261-4334-9f40-dc9be1e92ca0,NULL,NULL,NULL
4079.730000,Stimulus/40.mp4,NewResponse,3e6fc682-a261-4334-9f40-dc9be1e92ca0,NULL,NULL,NULL
3896.410000,Stimulus/11.mp4,NewResponse,3e6fc682-a261-4334-9f40-dc9be1e92ca0,NULL,NULL,NULL
4048.140000,Stimulus/52.mp4,NewResponse,3e6fc682-a261-4334-9f40-dc9be1e92ca0,NULL,NULL,NULL
3903.965000,Stimulus/14.mp4,NewResponse,3e6fc682-a261-4334-9f40-dc9be1e92ca0,NULL,NULL,NULL
4093.305000,Stimulus/55.mp4,NewResponse,3e6fc682-a261-4334-9f40-dc9be1e92ca0,NULL,NULL,NULL
3941.820000,Stimulus/50.mp4,NewResponse,3e6fc682-a261-4334-9f40-dc9be1e92ca0,NULL,NULL,NULL
4055.415000,Stimulus/9.mp4,NewResponse,3e6fc682-a261-4334-9f40-dc9be1e92ca0,NULL,NULL,NULL
4016.570000,Stimulus/26.mp4,NewResponse,3e6fc682-a261-4334-9f40-dc9be1e92ca0,NULL,NULL,NULL
3631.900000,Stimulus/62.mp4,NewResponse,3e6fc682-a261-4334-9f40-dc9be1e92ca0,NULL,NULL,NULL
4023.260000,Stimulus/58.mp4,NewResponse,3e6fc682-a261-4334-9f40-dc9be1e92ca0,NULL,NULL,NULL
4335.880000,Stimulus/3.mp4,NewResponse,3e6fc682-a261-4334-9f40-dc9be1e92ca0,NULL,NULL,NULL
4255.975000,Stimulus/21.mp4,NewResponse,3e6fc682-a261-4334-9f40-dc9be1e92ca0,NULL,NULL,NULL
3893.920000,Stimulus/56.mp4,NewResponse,3e6fc682-a261-4334-9f40-dc9be1e92ca0,NULL,NULL,NULL
3897.640000,Stimulus/19.mp4,NewResponse,3e6fc682-a261-4334-9f40-dc9be1e92ca0,NULL,NULL,NULL
9999.999999,NULL,survey-text,3e6fc682-a261-4334-9f40-dc9be1e92ca0,"the moving object",NULL,NULL
4112.090000,Stimulus/48.mp4,NewResponse,3e6fc682-a261-4334-9f40-dc9be1e92ca0,NULL,NULL,NULL
3895.040000,Stimulus/51.mp4,NewResponse,3e6fc682-a261-4334-9f40-dc9be1e92ca0,NULL,NULL,NULL
3791.615000,Stimulus/29.mp4,NewResponse,3e6fc682-a261-4334-9f40-dc9be1e92ca0,NULL,NULL,NULL
3855.010000,Stimulus/22.mp4,NewResponse,3e6fc682-a261-4334-9f40-dc9be1e92ca0,NULL,NULL,NULL
3846.255000,Stimulus/16.mp4,NewResponse,3e6fc682-a261-4334-9f40-dc9be1e92ca0,NULL,NULL,NULL
3943.310000,Stimulus/13.mp4,NewResponse,3e6fc682-a261-4334-9f40-dc9be1e92ca0,NULL,NULL,NULL
4079.665000,Stimulus/33.mp4,NewResponse,3e6fc682-a261-4334-9f40-dc9be1e92ca0,NULL,NULL,NULL
4008.115000,Stimulus/41.mp4,NewResponse,3e6fc682-a261-4334-9f40-dc9be1e92ca0,NULL,NULL,NULL
3753.510000,Stimulus/47.mp4,NewResponse,3e6fc682-a261-4334-9f40-dc9be1e92ca0,NULL,NULL,NULL
3647.290000,Stimulus/63.mp4,NewResponse,3e6fc682-a261-4334-9f40-dc9be1e92ca0,NULL,NULL,NULL
3847.335000,Stimulus/15.mp4,NewResponse,3e6fc682-a261-4334-9f40-dc9be1e92ca0,NULL,NULL,NULL
4288.885000,Stimulus/39.mp4,NewResponse,3e6fc682-a261-4334-9f40-dc9be1e92ca0,NULL,NULL,NULL
4238.685000,Stimulus/7.mp4,NewResponse,3e6fc682-a261-4334-9f40-dc9be1e92ca0,NULL,NULL,NULL
4071.895000,Stimulus/43.mp4,NewResponse,3e6fc682-a261-4334-9f40-dc9be1e92ca0,NULL,NULL,NULL
3968.115000,Stimulus/64.mp4,NewResponse,3e6fc682-a261-4334-9f40-dc9be1e92ca0,NULL,NULL,NULL
3919.095000,Stimulus/57.mp4,NewResponse,3e6fc682-a261-4334-9f40-dc9be1e92ca0,NULL,NULL,NULL
4455.035000,Stimulus/35.mp4,NewResponse,3e6fc682-a261-4334-9f40-dc9be1e92ca0,NULL,NULL,NULL
4431.695000,Stimulus/69.mp4,NewResponse,3e6fc682-a261-4334-9f40-dc9be1e92ca0,NULL,NULL,NULL
9999.999999,NULL,survey-text,3e6fc682-a261-4334-9f40-dc9be1e92ca0,"the patient is sometimes hidden by a window",NULL,NULL
4263.170000,Stimulus/36.mp4,NewResponse,3e6fc682-a261-4334-9f40-dc9be1e92ca0,NULL,NULL,NULL
3616.765000,Stimulus/31.mp4,NewResponse,3e6fc682-a261-4334-9f40-dc9be1e92ca0,NULL,NULL,NULL
4311.845000,Stimulus/45.mp4,NewResponse,3e6fc682-a261-4334-9f40-dc9be1e92ca0,NULL,NULL,NULL
3783.950000,Stimulus/32.mp4,NewResponse,3e6fc682-a261-4334-9f40-dc9be1e92ca0,NULL,NULL,NULL
4183.925000,Stimulus/42.mp4,NewResponse,3e6fc682-a261-4334-9f40-dc9be1e92ca0,NULL,NULL,NULL
4039.895000,Stimulus/2.mp4,NewResponse,3e6fc682-a261-4334-9f40-dc9be1e92ca0,NULL,NULL,NULL
4071.220000,Stimulus/4.mp4,NewResponse,3e6fc682-a261-4334-9f40-dc9be1e92ca0,NULL,NULL,NULL
4031.990000,Stimulus/59.mp4,NewResponse,3e6fc682-a261-4334-9f40-dc9be1e92ca0,NULL,NULL,NULL
4063.445000,Stimulus/53.mp4,NewResponse,3e6fc682-a261-4334-9f40-dc9be1e92ca0,NULL,NULL,NULL
3823.390000,Stimulus/46.mp4,NewResponse,3e6fc682-a261-4334-9f40-dc9be1e92ca0,NULL,NULL,NULL
4096.265000,Stimulus/60.mp4,NewResponse,3e6fc682-a261-4334-9f40-dc9be1e92ca0,NULL,NULL,NULL
4032.725000,Stimulus/24.mp4,NewResponse,3e6fc682-a261-4334-9f40-dc9be1e92ca0,NULL,NULL,NULL
3991.195000,Stimulus/25.mp4,NewResponse,3e6fc682-a261-4334-9f40-dc9be1e92ca0,NULL,NULL,NULL
4497.970000,Stimulus/34.mp4,NewResponse,3e6fc682-a261-4334-9f40-dc9be1e92ca0,NULL,NULL,NULL
4471.375000,Stimulus/72.mp4,NewResponse,3e6fc682-a261-4334-9f40-dc9be1e92ca0,NULL,NULL,NULL
4143.785000,Stimulus/23.mp4,NewResponse,3e6fc682-a261-4334-9f40-dc9be1e92ca0,NULL,NULL,NULL
4521.350000,Stimulus/54.mp4,NewResponse,3e6fc682-a261-4334-9f40-dc9be1e92ca0,NULL,NULL,NULL
3895.225000,Stimulus/20.mp4,NewResponse,3e6fc682-a261-4334-9f40-dc9be1e92ca0,NULL,NULL,NULL
9999.999999,NULL,survey-text,3e6fc682-a261-4334-9f40-dc9be1e92ca0,34,male,"yes during the attention check questions. i was a little confused by the wording of the questions and not sure if i was answering with the correct verbage. Hopefully i answered to your standard because i believed it was correct"
9999.999999,NULL,survey-text,7d154eea-94c1-4608-af44-4ce8c2d0b7da,"I need to hit space to start the video and hit space again when I see, or predict (if there's a screen) that the objects have collided.",NULL,NULL
4436.770000,Stimulus/26.mp4,NewResponse,7d154eea-94c1-4608-af44-4ce8c2d0b7da,NULL,NULL,NULL
4427.605000,Stimulus/69.mp4,NewResponse,7d154eea-94c1-4608-af44-4ce8c2d0b7da,NULL,NULL,NULL
3366.940000,Stimulus/25.mp4,NewResponse,7d154eea-94c1-4608-af44-4ce8c2d0b7da,NULL,NULL,NULL
3952.065000,Stimulus/40.mp4,NewResponse,7d154eea-94c1-4608-af44-4ce8c2d0b7da,NULL,NULL,NULL
928.230000,Stimulus/55.mp4,NewResponse,7d154eea-94c1-4608-af44-4ce8c2d0b7da,NULL,NULL,NULL
4192.835000,Stimulus/71.mp4,NewResponse,7d154eea-94c1-4608-af44-4ce8c2d0b7da,NULL,NULL,NULL
3889.105000,Stimulus/56.mp4,NewResponse,7d154eea-94c1-4608-af44-4ce8c2d0b7da,NULL,NULL,NULL
3670.075000,Stimulus/30.mp4,NewResponse,7d154eea-94c1-4608-af44-4ce8c2d0b7da,NULL,NULL,NULL
3909.900000,Stimulus/59.mp4,NewResponse,7d154eea-94c1-4608-af44-4ce8c2d0b7da,NULL,NULL,NULL
4089.040000,Stimulus/53.mp4,NewResponse,7d154eea-94c1-4608-af44-4ce8c2d0b7da,NULL,NULL,NULL
3147.640000,Stimulus/28.mp4,NewResponse,7d154eea-94c1-4608-af44-4ce8c2d0b7da,NULL,NULL,NULL
3456.090000,Stimulus/15.mp4,NewResponse,7d154eea-94c1-4608-af44-4ce8c2d0b7da,NULL,NULL,NULL
3421.255000,Stimulus/17.mp4,NewResponse,7d154eea-94c1-4608-af44-4ce8c2d0b7da,NULL,NULL,NULL
4385.565000,Stimulus/70.mp4,NewResponse,7d154eea-94c1-4608-af44-4ce8c2d0b7da,NULL,NULL,NULL
3613.080000,Stimulus/16.mp4,NewResponse,7d154eea-94c1-4608-af44-4ce8c2d0b7da,NULL,NULL,NULL
3460.810000,Stimulus/32.mp4,NewResponse,7d154eea-94c1-4608-af44-4ce8c2d0b7da,NULL,NULL,NULL
4442.560000,Stimulus/68.mp4,NewResponse,7d154eea-94c1-4608-af44-4ce8c2d0b7da,NULL,NULL,NULL
3660.030000,Stimulus/11.mp4,NewResponse,7d154eea-94c1-4608-af44-4ce8c2d0b7da,NULL,NULL,NULL
8273.260000,NULL,survey-text,7d154eea-94c1-4608-af44-4ce8c2d0b7da,blue,NULL,NULL
4030.515000,Stimulus/36.mp4,NewResponse,7d154eea-94c1-4608-af44-4ce8c2d0b7da,NULL,NULL,NULL
3716.150000,Stimulus/66.mp4,NewResponse,7d154eea-94c1-4608-af44-4ce8c2d0b7da,NULL,NULL,NULL
3565.650000,Stimulus/23.mp4,NewResponse,7d154eea-94c1-4608-af44-4ce8c2d0b7da,NULL,NULL,NULL
3785.580000,Stimulus/21.mp4,NewResponse,7d154eea-94c1-4608-af44-4ce8c2d0b7da,NULL,NULL,NULL
3765.230000,Stimulus/6.mp4,NewResponse,7d154eea-94c1-4608-af44-4ce8c2d0b7da,NULL,NULL,NULL
3880.110000,Stimulus/50.mp4,NewResponse,7d154eea-94c1-4608-af44-4ce8c2d0b7da,NULL,NULL,NULL
3815.380000,Stimulus/2.mp4,NewResponse,7d154eea-94c1-4608-af44-4ce8c2d0b7da,NULL,NULL,NULL
4071.010000,Stimulus/33.mp4,NewResponse,7d154eea-94c1-4608-af44-4ce8c2d0b7da,NULL,NULL,NULL
4252.150000,Stimulus/39.mp4,NewResponse,7d154eea-94c1-4608-af44-4ce8c2d0b7da,NULL,NULL,NULL
3930.990000,Stimulus/24.mp4,NewResponse,7d154eea-94c1-4608-af44-4ce8c2d0b7da,NULL,NULL,NULL
3890.685000,Stimulus/51.mp4,NewResponse,7d154eea-94c1-4608-af44-4ce8c2d0b7da,NULL,NULL,NULL
3513.235000,Stimulus/27.mp4,NewResponse,7d154eea-94c1-4608-af44-4ce8c2d0b7da,NULL,NULL,NULL
4158.010000,Stimulus/37.mp4,NewResponse,7d154eea-94c1-4608-af44-4ce8c2d0b7da,NULL,NULL,NULL
3793.470000,Stimulus/46.mp4,NewResponse,7d154eea-94c1-4608-af44-4ce8c2d0b7da,NULL,NULL,NULL
3850.260000,Stimulus/10.mp4,NewResponse,7d154eea-94c1-4608-af44-4ce8c2d0b7da,NULL,NULL,NULL
3674.280000,Stimulus/5.mp4,NewResponse,7d154eea-94c1-4608-af44-4ce8c2d0b7da,NULL,NULL,NULL
3603.040000,Stimulus/62.mp4,NewResponse,7d154eea-94c1-4608-af44-4ce8c2d0b7da,NULL,NULL,NULL
3885.505000,Stimulus/65.mp4,NewResponse,7d154eea-94c1-4608-af44-4ce8c2d0b7da,NULL,NULL,NULL
9808.460000,NULL,survey-text,7d154eea-94c1-4608-af44-4ce8c2d0b7da,MIT,NULL,NULL
3878.250000,Stimulus/52.mp4,NewResponse,7d154eea-94c1-4608-af44-4ce8c2d0b7da,NULL,NULL,NULL
4287.945000,Stimulus/44.mp4,NewResponse,7d154eea-94c1-4608-af44-4ce8c2d0b7da,NULL,NULL,NULL
3686.260000,Stimulus/14.mp4,NewResponse,7d154eea-94c1-4608-af44-4ce8c2d0b7da,NULL,NULL,NULL
4006.825000,Stimulus/41.mp4,NewResponse,7d154eea-94c1-4608-af44-4ce8c2d0b7da,NULL,NULL,NULL
4055.590000,Stimulus/48.mp4,NewResponse,7d154eea-94c1-4608-af44-4ce8c2d0b7da,NULL,NULL,NULL
3818.740000,Stimulus/47.mp4,NewResponse,7d154eea-94c1-4608-af44-4ce8c2d0b7da,NULL,NULL,NULL
3635.495000,Stimulus/29.mp4,NewResponse,7d154eea-94c1-4608-af44-4ce8c2d0b7da,NULL,NULL,NULL
4050.540000,Stimulus/43.mp4,NewResponse,7d154eea-94c1-4608-af44-4ce8c2d0b7da,NULL,NULL,NULL
3531.015000,Stimulus/8.mp4,NewResponse,7d154eea-94c1-4608-af44-4ce8c2d0b7da,NULL,NULL,NULL
3870.235000,Stimulus/18.mp4,NewResponse,7d154eea-94c1-4608-af44-4ce8c2d0b7da,NULL,NULL,NULL
4029.180000,Stimulus/4.mp4,NewResponse,7d154eea-94c1-4608-af44-4ce8c2d0b7da,NULL,NULL,NULL
3772.290000,Stimulus/67.mp4,NewResponse,7d154eea-94c1-4608-af44-4ce8c2d0b7da,NULL,NULL,NULL
4104.230000,Stimulus/61.mp4,NewResponse,7d154eea-94c1-4608-af44-4ce8c2d0b7da,NULL,NULL,NULL
3693.545000,Stimulus/3.mp4,NewResponse,7d154eea-94c1-4608-af44-4ce8c2d0b7da,NULL,NULL,NULL
3811.150000,Stimulus/57.mp4,NewResponse,7d154eea-94c1-4608-af44-4ce8c2d0b7da,NULL,NULL,NULL
4481.775000,Stimulus/34.mp4,NewResponse,7d154eea-94c1-4608-af44-4ce8c2d0b7da,NULL,NULL,NULL
3671.905000,Stimulus/63.mp4,NewResponse,7d154eea-94c1-4608-af44-4ce8c2d0b7da,NULL,NULL,NULL
3987.095000,Stimulus/58.mp4,NewResponse,7d154eea-94c1-4608-af44-4ce8c2d0b7da,NULL,NULL,NULL
9999.999999,NULL,survey-text,7d154eea-94c1-4608-af44-4ce8c2d0b7da,"the patient",NULL,NULL
3653.010000,Stimulus/7.mp4,NewResponse,7d154eea-94c1-4608-af44-4ce8c2d0b7da,NULL,NULL,NULL
4289.260000,Stimulus/38.mp4,NewResponse,7d154eea-94c1-4608-af44-4ce8c2d0b7da,NULL,NULL,NULL
4410.900000,Stimulus/72.mp4,NewResponse,7d154eea-94c1-4608-af44-4ce8c2d0b7da,NULL,NULL,NULL
3486.970000,Stimulus/9.mp4,NewResponse,7d154eea-94c1-4608-af44-4ce8c2d0b7da,NULL,NULL,NULL
4012.780000,Stimulus/42.mp4,NewResponse,7d154eea-94c1-4608-af44-4ce8c2d0b7da,NULL,NULL,NULL
3388.970000,Stimulus/31.mp4,NewResponse,7d154eea-94c1-4608-af44-4ce8c2d0b7da,NULL,NULL,NULL
3883.625000,Stimulus/19.mp4,NewResponse,7d154eea-94c1-4608-af44-4ce8c2d0b7da,NULL,NULL,NULL
3803.145000,Stimulus/22.mp4,NewResponse,7d154eea-94c1-4608-af44-4ce8c2d0b7da,NULL,NULL,NULL
4101.405000,Stimulus/20.mp4,NewResponse,7d154eea-94c1-4608-af44-4ce8c2d0b7da,NULL,NULL,NULL
4102.615000,Stimulus/54.mp4,NewResponse,7d154eea-94c1-4608-af44-4ce8c2d0b7da,NULL,NULL,NULL
4222.540000,Stimulus/45.mp4,NewResponse,7d154eea-94c1-4608-af44-4ce8c2d0b7da,NULL,NULL,NULL
4164.070000,Stimulus/60.mp4,NewResponse,7d154eea-94c1-4608-af44-4ce8c2d0b7da,NULL,NULL,NULL
4064.295000,Stimulus/49.mp4,NewResponse,7d154eea-94c1-4608-af44-4ce8c2d0b7da,NULL,NULL,NULL
3761.995000,Stimulus/35.mp4,NewResponse,7d154eea-94c1-4608-af44-4ce8c2d0b7da,NULL,NULL,NULL
3976.345000,Stimulus/64.mp4,NewResponse,7d154eea-94c1-4608-af44-4ce8c2d0b7da,NULL,NULL,NULL
3554.400000,Stimulus/1.mp4,NewResponse,7d154eea-94c1-4608-af44-4ce8c2d0b7da,NULL,NULL,NULL
3522.875000,Stimulus/12.mp4,NewResponse,7d154eea-94c1-4608-af44-4ce8c2d0b7da,NULL,NULL,NULL
3783.725000,Stimulus/13.mp4,NewResponse,7d154eea-94c1-4608-af44-4ce8c2d0b7da,NULL,NULL,NULL
9999.999999,NULL,survey-text,7d154eea-94c1-4608-af44-4ce8c2d0b7da,50,male,"I misunderstood the first question about agents, I thought you were asking me who is conducting this study. I'm not sure where CoCoDev would be located, I guessed MIT. After reading the second question about agents, I understood, but the first question could have meant a few different things, it felt a little ambiguous, out of the blue like that."
9999.999999,NULL,survey-text,cbfec4ac-35d4-4c63-b896-8f1d8082f7a9,"Predict when the objects hit",NULL,NULL
4078.195000,Stimulus/36.mp4,NewResponse,cbfec4ac-35d4-4c63-b896-8f1d8082f7a9,NULL,NULL,NULL
4087.880000,Stimulus/55.mp4,NewResponse,cbfec4ac-35d4-4c63-b896-8f1d8082f7a9,NULL,NULL,NULL
1230.930000,Stimulus/3.mp4,NewResponse,cbfec4ac-35d4-4c63-b896-8f1d8082f7a9,NULL,NULL,NULL
3745.470000,Stimulus/23.mp4,NewResponse,cbfec4ac-35d4-4c63-b896-8f1d8082f7a9,NULL,NULL,NULL
3900.380000,Stimulus/65.mp4,NewResponse,cbfec4ac-35d4-4c63-b896-8f1d8082f7a9,NULL,NULL,NULL
3854.265000,Stimulus/57.mp4,NewResponse,cbfec4ac-35d4-4c63-b896-8f1d8082f7a9,NULL,NULL,NULL
3724.095000,Stimulus/47.mp4,NewResponse,cbfec4ac-35d4-4c63-b896-8f1d8082f7a9,NULL,NULL,NULL
3648.295000,Stimulus/13.mp4,NewResponse,cbfec4ac-35d4-4c63-b896-8f1d8082f7a9,NULL,NULL,NULL
3950.025000,Stimulus/52.mp4,NewResponse,cbfec4ac-35d4-4c63-b896-8f1d8082f7a9,NULL,NULL,NULL
4033.945000,Stimulus/20.mp4,NewResponse,cbfec4ac-35d4-4c63-b896-8f1d8082f7a9,NULL,NULL,NULL
4025.805000,Stimulus/53.mp4,NewResponse,cbfec4ac-35d4-4c63-b896-8f1d8082f7a9,NULL,NULL,NULL
3712.765000,Stimulus/46.mp4,NewResponse,cbfec4ac-35d4-4c63-b896-8f1d8082f7a9,NULL,NULL,NULL
3724.735000,Stimulus/22.mp4,NewResponse,cbfec4ac-35d4-4c63-b896-8f1d8082f7a9,NULL,NULL,NULL
3826.305000,Stimulus/64.mp4,NewResponse,cbfec4ac-35d4-4c63-b896-8f1d8082f7a9,NULL,NULL,NULL
3713.835000,Stimulus/30.mp4,NewResponse,cbfec4ac-35d4-4c63-b896-8f1d8082f7a9,NULL,NULL,NULL
4404.580000,Stimulus/72.mp4,NewResponse,cbfec4ac-35d4-4c63-b896-8f1d8082f7a9,NULL,NULL,NULL
1585.535000,Stimulus/42.mp4,NewResponse,cbfec4ac-35d4-4c63-b896-8f1d8082f7a9,NULL,NULL,NULL
3865.675000,Stimulus/19.mp4,NewResponse,cbfec4ac-35d4-4c63-b896-8f1d8082f7a9,NULL,NULL,NULL
7130.050000,NULL,survey-text,cbfec4ac-35d4-4c63-b896-8f1d8082f7a9," blue",NULL,NULL
3692.475000,Stimulus/2.mp4,NewResponse,cbfec4ac-35d4-4c63-b896-8f1d8082f7a9,NULL,NULL,NULL
4389.675000,Stimulus/69.mp4,NewResponse,cbfec4ac-35d4-4c63-b896-8f1d8082f7a9,NULL,NULL,NULL
4060.420000,Stimulus/41.mp4,NewResponse,cbfec4ac-35d4-4c63-b896-8f1d8082f7a9,NULL,NULL,NULL
4096.765000,Stimulus/8.mp4,NewResponse,cbfec4ac-35d4-4c63-b896-8f1d8082f7a9,NULL,NULL,NULL
3518.095000,Stimulus/18.mp4,NewResponse,cbfec4ac-35d4-4c63-b896-8f1d8082f7a9,NULL,NULL,NULL
3713.880000,Stimulus/25.mp4,NewResponse,cbfec4ac-35d4-4c63-b896-8f1d8082f7a9,NULL,NULL,NULL
3553.740000,Stimulus/27.mp4,NewResponse,cbfec4ac-35d4-4c63-b896-8f1d8082f7a9,NULL,NULL,NULL
4076.865000,Stimulus/4.mp4,NewResponse,cbfec4ac-35d4-4c63-b896-8f1d8082f7a9,NULL,NULL,NULL
4027.040000,Stimulus/48.mp4,NewResponse,cbfec4ac-35d4-4c63-b896-8f1d8082f7a9,NULL,NULL,NULL
3582.295000,Stimulus/63.mp4,NewResponse,cbfec4ac-35d4-4c63-b896-8f1d8082f7a9,NULL,NULL,NULL
4059.755000,Stimulus/17.mp4,NewResponse,cbfec4ac-35d4-4c63-b896-8f1d8082f7a9,NULL,NULL,NULL
3651.360000,Stimulus/15.mp4,NewResponse,cbfec4ac-35d4-4c63-b896-8f1d8082f7a9,NULL,NULL,NULL
4008.905000,Stimulus/21.mp4,NewResponse,cbfec4ac-35d4-4c63-b896-8f1d8082f7a9,NULL,NULL,NULL
4161.340000,Stimulus/6.mp4,NewResponse,cbfec4ac-35d4-4c63-b896-8f1d8082f7a9,NULL,NULL,NULL
3972.165000,Stimulus/24.mp4,NewResponse,cbfec4ac-35d4-4c63-b896-8f1d8082f7a9,NULL,NULL,NULL
4041.130000,Stimulus/54.mp4,NewResponse,cbfec4ac-35d4-4c63-b896-8f1d8082f7a9,NULL,NULL,NULL
4471.565000,Stimulus/33.mp4,NewResponse,cbfec4ac-35d4-4c63-b896-8f1d8082f7a9,NULL,NULL,NULL
4042.345000,Stimulus/49.mp4,NewResponse,cbfec4ac-35d4-4c63-b896-8f1d8082f7a9,NULL,NULL,NULL
9999.999999,NULL,survey-text,cbfec4ac-35d4-4c63-b896-8f1d8082f7a9,"The object moving",NULL,NULL
4098.485000,Stimulus/10.mp4,NewResponse,cbfec4ac-35d4-4c63-b896-8f1d8082f7a9,NULL,NULL,NULL
3981.875000,Stimulus/35.mp4,NewResponse,cbfec4ac-35d4-4c63-b896-8f1d8082f7a9,NULL,NULL,NULL
3854.650000,Stimulus/11.mp4,NewResponse,cbfec4ac-35d4-4c63-b896-8f1d8082f7a9,NULL,NULL,NULL
4032.570000,Stimulus/43.mp4,NewResponse,cbfec4ac-35d4-4c63-b896-8f1d8082f7a9,NULL,NULL,NULL
3876.835000,Stimulus/31.mp4,NewResponse,cbfec4ac-35d4-4c63-b896-8f1d8082f7a9,NULL,NULL,NULL
3970.525000,Stimulus/58.mp4,NewResponse,cbfec4ac-35d4-4c63-b896-8f1d8082f7a9,NULL,NULL,NULL
4026.920000,Stimulus/16.mp4,NewResponse,cbfec4ac-35d4-4c63-b896-8f1d8082f7a9,NULL,NULL,NULL
3978.250000,Stimulus/40.mp4,NewResponse,cbfec4ac-35d4-4c63-b896-8f1d8082f7a9,NULL,NULL,NULL
3960.765000,Stimulus/34.mp4,NewResponse,cbfec4ac-35d4-4c63-b896-8f1d8082f7a9,NULL,NULL,NULL
4029.410000,Stimulus/29.mp4,NewResponse,cbfec4ac-35d4-4c63-b896-8f1d8082f7a9,NULL,NULL,NULL
3902.225000,Stimulus/7.mp4,NewResponse,cbfec4ac-35d4-4c63-b896-8f1d8082f7a9,NULL,NULL,NULL
3735.845000,Stimulus/28.mp4,NewResponse,cbfec4ac-35d4-4c63-b896-8f1d8082f7a9,NULL,NULL,NULL
5209.990000,Stimulus/68.mp4,NewResponse,cbfec4ac-35d4-4c63-b896-8f1d8082f7a9,NULL,NULL,NULL
3980.080000,Stimulus/26.mp4,NewResponse,cbfec4ac-35d4-4c63-b896-8f1d8082f7a9,NULL,NULL,NULL
1726.305000,Stimulus/62.mp4,NewResponse,cbfec4ac-35d4-4c63-b896-8f1d8082f7a9,NULL,NULL,NULL
3684.660000,Stimulus/14.mp4,NewResponse,cbfec4ac-35d4-4c63-b896-8f1d8082f7a9,NULL,NULL,NULL
4208.800000,Stimulus/9.mp4,NewResponse,cbfec4ac-35d4-4c63-b896-8f1d8082f7a9,NULL,NULL,NULL
4192.095000,Stimulus/39.mp4,NewResponse,cbfec4ac-35d4-4c63-b896-8f1d8082f7a9,NULL,NULL,NULL
9999.999999,NULL,survey-text,cbfec4ac-35d4-4c63-b896-8f1d8082f7a9,"The patient",NULL,NULL
1119.030000,Stimulus/1.mp4,NewResponse,cbfec4ac-35d4-4c63-b896-8f1d8082f7a9,NULL,NULL,NULL
3842.885000,Stimulus/56.mp4,NewResponse,cbfec4ac-35d4-4c63-b896-8f1d8082f7a9,NULL,NULL,NULL
4073.410000,Stimulus/61.mp4,NewResponse,cbfec4ac-35d4-4c63-b896-8f1d8082f7a9,NULL,NULL,NULL
4267.730000,Stimulus/44.mp4,NewResponse,cbfec4ac-35d4-4c63-b896-8f1d8082f7a9,NULL,NULL,NULL
3698.380000,Stimulus/66.mp4,NewResponse,cbfec4ac-35d4-4c63-b896-8f1d8082f7a9,NULL,NULL,NULL
4092.190000,Stimulus/37.mp4,NewResponse,cbfec4ac-35d4-4c63-b896-8f1d8082f7a9,NULL,NULL,NULL
4031.290000,Stimulus/71.mp4,NewResponse,cbfec4ac-35d4-4c63-b896-8f1d8082f7a9,NULL,NULL,NULL
3937.820000,Stimulus/59.mp4,NewResponse,cbfec4ac-35d4-4c63-b896-8f1d8082f7a9,NULL,NULL,NULL
3876.335000,Stimulus/51.mp4,NewResponse,cbfec4ac-35d4-4c63-b896-8f1d8082f7a9,NULL,NULL,NULL
3747.925000,Stimulus/67.mp4,NewResponse,cbfec4ac-35d4-4c63-b896-8f1d8082f7a9,NULL,NULL,NULL
3777.040000,Stimulus/50.mp4,NewResponse,cbfec4ac-35d4-4c63-b896-8f1d8082f7a9,NULL,NULL,NULL
3890.780000,Stimulus/12.mp4,NewResponse,cbfec4ac-35d4-4c63-b896-8f1d8082f7a9,NULL,NULL,NULL
4206.795000,Stimulus/38.mp4,NewResponse,cbfec4ac-35d4-4c63-b896-8f1d8082f7a9,NULL,NULL,NULL
3750.995000,Stimulus/5.mp4,NewResponse,cbfec4ac-35d4-4c63-b896-8f1d8082f7a9,NULL,NULL,NULL
4084.240000,Stimulus/60.mp4,NewResponse,cbfec4ac-35d4-4c63-b896-8f1d8082f7a9,NULL,NULL,NULL
4418.030000,Stimulus/70.mp4,NewResponse,cbfec4ac-35d4-4c63-b896-8f1d8082f7a9,NULL,NULL,NULL
4239.325000,Stimulus/45.mp4,NewResponse,cbfec4ac-35d4-4c63-b896-8f1d8082f7a9,NULL,NULL,NULL
4218.550000,Stimulus/32.mp4,NewResponse,cbfec4ac-35d4-4c63-b896-8f1d8082f7a9,NULL,NULL,NULL
9999.999999,NULL,survey-text,cbfec4ac-35d4-4c63-b896-8f1d8082f7a9," 52",Male,"Worked well, I hit the space bar by accident twice, Maybe a confirm your response or redo button, Thanks good luck with your work"
